{"min": {"x": -2.0, "y": -0.9086219566495785}, "max": {"x": 2.0, "y": 4.5440211108893696}}