{"mean": {"x": -5.10702591327572e-18, "y": 1.3336000266693333}, "std": {"x": 1.1548737593388, "y": 1.3784554666712947}}